{"cameraMode":{"drawMode":0,"name":"Shaded","section":"Shading Mode"},"sceneLighting":true,"audioPlay":false,"sceneViewState":{"showFog":true,"showMaterialUpdate":false,"showSkybox":true,"showFlares":true,"showImageEffects":true,"showParticleSystems":true},"in2DMode":false,"pivot":{"x":-6.675341606140137,"y":-4.320438385009766,"z":17.14787483215332},"rotation":{"x":0.09333007037639618,"y":-0.14670288562774659,"z":0.013904113322496415,"w":0.9846763014793396},"size":15.045124053955079,"orthographic":false}